,Unnamed: 0,ID,flow_id,time,bytes,bytes_sum,dir,iat
402,402,2023-10-12 02:44:03US0.123126158,2023-10-12 02:44:03US,0.12312615800000001,282,282,True,0.12312615800000001
403,403,2023-10-12 02:44:03US0.156684494,2023-10-12 02:44:03US,0.156684494,576,858,False,0.156684494
404,404,2023-10-12 02:44:03US0.156782671,2023-10-12 02:44:03US,0.15678267099999998,3977,4835,False,9.817700000000483e-05
405,405,2023-10-12 02:44:03US0.179306267,2023-10-12 02:44:03US,0.179306267,158,4993,True,0.056180108999999985
406,406,2023-10-12 02:44:03US0.208047885,2023-10-12 02:44:03US,0.208047885,120,5113,False,0.051265213999999976
407,407,2023-10-12 02:44:03US0.208776948,2023-10-12 02:44:03US,0.20877694800000002,31,5144,True,0.029470681000000002
408,408,2023-10-12 02:44:03US0.122593241,2023-10-12 02:44:03US,0.12259324099999999,282,5426,True,-0.08618370699999997
409,409,2023-10-12 02:44:03US0.155343921,2023-10-12 02:44:03US,0.155343921,576,6002,False,-0.052703963999999985
410,410,2023-10-12 02:44:03US0.155537307,2023-10-12 02:44:03US,0.15553730699999999,3977,9979,False,0.0001933860000000176
411,411,2023-10-12 02:44:03US0.179445903,2023-10-12 02:44:03US,0.17944590300000002,158,10137,True,0.056852661999999984
412,412,2023-10-12 02:44:03US0.208150854,2023-10-12 02:44:03US,0.208150854,120,10257,False,0.05261354699999998
413,413,2023-10-12 02:44:03US0.209266531,2023-10-12 02:44:03US,0.209266531,31,10288,True,0.02982062800000002
2622,2622,2023-10-12 00:07:32US0.743931,2023-10-12 00:07:32US,0.743931,286,286,True,0.743931
2623,2623,2023-10-12 00:07:32US0.804906,2023-10-12 00:07:32US,0.804906,517,803,False,0.804906
2624,2624,2023-10-12 00:07:32US0.805313,2023-10-12 00:07:32US,0.8053130000000001,1800,2603,False,0.0004069999999999352
2625,2625,2023-10-12 00:07:32US0.805363,2023-10-12 00:07:32US,0.805363,279,2882,False,5.0000000000105516e-05
2626,2626,2023-10-12 00:07:32US0.805604,2023-10-12 00:07:32US,0.805604,643,3525,False,0.00024099999999993568
2627,2627,2023-10-12 00:07:32US0.807341,2023-10-12 00:07:32US,0.807341,64,3589,True,0.06340999999999998
2628,2628,2023-10-12 00:07:32US0.807453,2023-10-12 00:07:32US,0.807453,24,3613,True,0.000112000000000001
2629,2629,2023-10-12 00:07:35US0.832980509,2023-10-12 00:07:35US,0.8329805090000001,282,282,True,0.8329805090000001
2630,2630,2023-10-12 00:07:35US0.855491658,2023-10-12 00:07:35US,0.8554916579999999,576,858,False,0.8554916579999999
2631,2631,2023-10-12 00:07:35US0.855566732,2023-10-12 00:07:35US,0.855566732,3977,4835,False,7.507399999995279e-05
2632,2632,2023-10-12 00:07:35US0.87874943,2023-10-12 00:07:35US,0.87874943,158,4993,True,0.045768921000000067
2633,2633,2023-10-12 00:07:35US0.911613159,2023-10-12 00:07:35US,0.9116131590000001,120,5113,False,0.05604642699999995
2634,2634,2023-10-12 00:07:35US0.912047363,2023-10-12 00:07:35US,0.912047363,31,5144,True,0.033297932999999946
2748,2748,2023-10-12 00:14:25US0.624538038,2023-10-12 00:14:25US,0.624538038,282,282,True,0.624538038
2749,2749,2023-10-12 00:14:25US0.728957884,2023-10-12 00:14:25US,0.7289578840000001,576,858,False,0.7289578840000001
2750,2750,2023-10-12 00:14:25US0.729226,2023-10-12 00:14:25US,0.729226,2344,3202,False,0.00026811600000009594
2751,2751,2023-10-12 00:14:25US0.729389692,2023-10-12 00:14:25US,0.729389692,1460,4662,False,0.0001636919999999931
2752,2752,2023-10-12 00:14:25US0.729873269,2023-10-12 00:14:25US,0.729873269,173,4835,False,0.0004835770000000128
2753,2753,2023-10-12 00:14:25US0.741106576,2023-10-12 00:14:25US,0.741106576,158,4993,True,0.11656853800000001
2754,2754,2023-10-12 00:14:25US0.828428576,2023-10-12 00:14:25US,0.828428576,120,5113,False,0.09855530699999993
2755,2755,2023-10-12 00:14:25US0.829134307,2023-10-12 00:14:25US,0.829134307,31,5144,True,0.08802773100000005
4175,4175,2023-10-12 03:05:43US0.265275677,2023-10-12 03:05:43US,0.265275677,282,282,True,0.265275677
4176,4176,2023-10-12 03:05:43US0.344412656,2023-10-12 03:05:43US,0.34441265600000004,576,858,False,0.34441265600000004
4177,4177,2023-10-12 03:05:43US0.344485208,2023-10-12 03:05:43US,0.344485208,3977,4835,False,7.25520000000035e-05
4178,4178,2023-10-12 03:05:43US0.360062499,2023-10-12 03:05:43US,0.360062499,158,4993,True,0.094786822
4179,4179,2023-10-12 03:05:43US0.472506979,2023-10-12 03:05:43US,0.472506979,120,5113,False,0.128021771
4180,4180,2023-10-12 03:05:43US0.473049583,2023-10-12 03:05:43US,0.473049583,31,5144,True,0.11298708400000003
4181,4181,2023-10-12 03:05:43US0.265509479,2023-10-12 03:05:43US,0.265509479,282,5426,True,-0.20754010399999998
4182,4182,2023-10-12 03:05:43US0.344548801,2023-10-12 03:05:43US,0.344548801,576,6002,False,-0.12795817799999998
4183,4183,2023-10-12 03:05:43US0.344626666,2023-10-12 03:05:43US,0.344626666,3977,9979,False,7.786500000001029e-05
4184,4184,2023-10-12 03:05:43US0.360131354,2023-10-12 03:05:43US,0.36013135399999996,158,10137,True,0.09462187500000002
4185,4185,2023-10-12 03:05:43US0.472802239,2023-10-12 03:05:43US,0.47280223899999996,120,10257,False,0.12817557300000001
4186,4186,2023-10-12 03:05:43US0.473304531,2023-10-12 03:05:43US,0.47330453100000003,31,10288,True,0.11317317699999994
4500,4500,2023-10-12 03:13:08US0.208984923,2023-10-12 03:13:08US,0.20898492300000002,282,282,True,0.20898492300000002
4501,4501,2023-10-12 03:13:08US0.309739192,2023-10-12 03:13:08US,0.309739192,576,858,False,0.309739192
4502,4502,2023-10-12 03:13:08US0.309866038,2023-10-12 03:13:08US,0.309866038,3977,4835,False,0.00012684600000001378
4503,4503,2023-10-12 03:13:08US0.328817576,2023-10-12 03:13:08US,0.328817576,158,4993,True,0.119832653
4504,4504,2023-10-12 03:13:08US0.410385961,2023-10-12 03:13:08US,0.410385961,120,5113,False,0.100519923
4505,4505,2023-10-12 03:13:08US0.411870115,2023-10-12 03:13:08US,0.411870115,31,5144,True,0.08305253899999998
5177,5177,2023-10-12 04:06:59US0.534588282,2023-10-12 04:06:59US,0.5345882820000001,287,287,True,0.5345882820000001
5178,5178,2023-10-12 04:06:59US0.557300889,2023-10-12 04:06:59US,0.557300889,517,804,False,0.557300889
5179,5179,2023-10-12 04:06:59US0.558975055,2023-10-12 04:06:59US,0.558975055,1800,2604,False,0.0016741660000000325
5180,5180,2023-10-12 04:06:59US0.559064951,2023-10-12 04:06:59US,0.559064951,1184,3788,False,8.989599999997823e-05
5181,5181,2023-10-12 04:06:59US0.561785681,2023-10-12 04:06:59US,0.561785681,64,3852,True,0.027197399000000063
5182,5182,2023-10-12 04:06:59US0.5620574,2023-10-12 04:06:59US,0.5620574,24,3876,True,0.0002717190000000036
12164,12164,2023-10-12 04:02:46US0.2805469,2023-10-12 04:02:46US,0.2805469,286,286,True,0.2805469
12165,12165,2023-10-12 04:02:46US0.3059427,2023-10-12 04:02:46US,0.3059427,517,803,False,0.3059427
12166,12166,2023-10-12 04:02:46US0.3059427,2023-10-12 04:02:46US,0.3059427,2403,3206,False,0.0
12167,12167,2023-10-12 04:02:46US0.3069569,2023-10-12 04:02:46US,0.30695690000000003,1633,4839,False,0.0010141999999999651
12168,12168,2023-10-12 04:02:46US0.3200955,2023-10-12 04:02:46US,0.3200955,158,4997,True,0.03954859999999999
12169,12169,2023-10-12 04:02:46US0.3430765,2023-10-12 04:02:46US,0.3430765,51,5048,False,0.03611960000000003
12170,12170,2023-10-12 04:02:46US0.3445832,2023-10-12 04:02:46US,0.34458320000000003,31,5079,True,0.0244877
12344,12344,2023-10-12 04:03:19US0.37686177,2023-10-12 04:03:19US,0.37686177,282,282,True,0.37686177
12345,12345,2023-10-12 04:03:19US0.393899924,2023-10-12 04:03:19US,0.393899924,576,858,False,0.393899924
12346,12346,2023-10-12 04:03:19US0.394041847,2023-10-12 04:03:19US,0.39404184700000006,3977,4835,False,0.00014192299999998823
12347,12347,2023-10-12 04:03:19US0.436491924,2023-10-12 04:03:19US,0.436491924,158,4993,True,0.05963015399999999
12348,12348,2023-10-12 04:03:19US0.453127308,2023-10-12 04:03:19US,0.45312730799999995,120,5113,False,0.05908546100000001
12349,12349,2023-10-12 04:03:19US0.454235077,2023-10-12 04:03:19US,0.45423507700000004,31,5144,True,0.017743153000000008
12742,12742,2023-10-12 04:04:43US0.141268764,2023-10-12 04:04:43US,0.141268764,282,282,True,0.141268764
12743,12743,2023-10-12 04:04:43US0.181192205,2023-10-12 04:04:43US,0.181192205,576,858,False,0.181192205
12744,12744,2023-10-12 04:04:43US0.181268143,2023-10-12 04:04:43US,0.18126814300000002,884,1742,False,7.593799999999762e-05
12745,12745,2023-10-12 04:04:43US0.185293872,2023-10-12 04:04:43US,0.185293872,1460,3202,False,0.0040257290000000065
12746,12746,2023-10-12 04:04:43US0.185332154,2023-10-12 04:04:43US,0.185332154,1633,4835,False,3.828200000000059e-05
12747,12747,2023-10-12 04:04:43US0.201764395,2023-10-12 04:04:43US,0.201764395,158,4993,True,0.06049563100000002
12748,12748,2023-10-12 04:04:43US0.234424554,2023-10-12 04:04:43US,0.23442455399999998,120,5113,False,0.049092400000000015
12749,12749,2023-10-12 04:04:43US0.235263982,2023-10-12 04:04:43US,0.23526398199999998,31,5144,True,0.033499587000000004
13672,13672,2023-10-12 01:16:38US0.85329446,2023-10-12 01:16:38US,0.85329446,282,282,True,0.85329446
13673,13673,2023-10-12 01:16:38US0.870336024,2023-10-12 01:16:38US,0.8703360240000001,576,858,False,0.8703360240000001
13674,13674,2023-10-12 01:16:38US0.870506753,2023-10-12 01:16:38US,0.870506753,3977,4835,False,0.00017072900000003607
13675,13675,2023-10-12 01:16:38US0.892353786,2023-10-12 01:16:38US,0.8923537859999999,158,4993,True,0.03905932600000006
13676,13676,2023-10-12 01:16:38US0.913304726,2023-10-12 01:16:38US,0.9133047259999999,120,5113,False,0.04279797299999999
13677,13677,2023-10-12 01:16:38US0.91421983,2023-10-12 01:16:38US,0.91421983,31,5144,True,0.021866043999999918
15309,15309,2023-10-12 02:36:47US1.444992708,2023-10-12 02:36:47US,1.444992708,282,282,True,1.444992708
15310,15310,2023-10-12 02:36:47US1.52293401,2023-10-12 02:36:47US,1.52293401,576,858,False,1.52293401
15311,15311,2023-10-12 02:36:47US1.523153176,2023-10-12 02:36:47US,1.5231531759999999,3977,4835,False,0.0002191660000001594
15312,15312,2023-10-12 02:36:47US1.547314322,2023-10-12 02:36:47US,1.5473143219999999,158,4993,True,0.10232161400000006
15313,15313,2023-10-12 02:36:47US1.626504895,2023-10-12 02:36:47US,1.626504895,120,5113,False,0.10335171899999997
15314,15314,2023-10-12 02:36:47US1.62769927,2023-10-12 02:36:47US,1.62769927,31,5144,True,0.08038494799999985
15315,15315,2023-10-12 02:36:47US1.445064583,2023-10-12 02:36:47US,1.4450645830000002,282,5426,True,-0.182634687
15316,15316,2023-10-12 02:36:47US1.533383072,2023-10-12 02:36:47US,1.533383072,576,6002,False,-0.09312182300000016
15317,15317,2023-10-12 02:36:47US1.533462291,2023-10-12 02:36:47US,1.533462291,3977,9979,False,7.921900000007476e-05
15318,15318,2023-10-12 02:36:47US1.550830312,2023-10-12 02:36:47US,1.550830312,158,10137,True,0.10576572900000004
15319,15319,2023-10-12 02:36:47US1.627255104,2023-10-12 02:36:47US,1.627255104,120,10257,False,0.09379281300000007
15320,15320,2023-10-12 02:36:47US1.6283234370000002,2023-10-12 02:36:47US,1.6283234370000002,31,10288,True,0.07749312500000016
15793,15793,2023-10-12 02:39:21US0.326985937,2023-10-12 02:39:21US,0.326985937,282,282,True,0.326985937
15794,15794,2023-10-12 02:39:21US0.446311874,2023-10-12 02:39:21US,0.446311874,576,858,False,0.446311874
15795,15795,2023-10-12 02:39:21US0.446480729,2023-10-12 02:39:21US,0.44648072899999997,3977,4835,False,0.00016885500000002332
15796,15796,2023-10-12 02:39:21US0.463510937,2023-10-12 02:39:21US,0.463510937,158,4993,True,0.136525
15797,15797,2023-10-12 02:39:21US0.596801145,2023-10-12 02:39:21US,0.596801145,120,5113,False,0.15032041599999998
15798,15798,2023-10-12 02:39:21US0.59730401,2023-10-12 02:39:21US,0.59730401,31,5144,True,0.13379307299999998
15846,15846,2023-10-12 02:39:58US0.176684896,2023-10-12 02:39:58US,0.176684896,291,291,True,0.176684896
15847,15847,2023-10-12 02:39:58US0.193635365,2023-10-12 02:39:58US,0.193635365,517,808,False,0.193635365
15848,15848,2023-10-12 02:39:58US0.196688698,2023-10-12 02:39:58US,0.196688698,1800,2608,False,0.0030533329999999914
15849,15849,2023-10-12 02:39:58US0.196875,2023-10-12 02:39:58US,0.196875,923,3531,False,0.00018630199999999933
15850,15850,2023-10-12 02:39:58US0.203026927,2023-10-12 02:39:58US,0.203026927,64,3595,True,0.026342030999999988
15851,15851,2023-10-12 02:39:58US0.203320573,2023-10-12 02:39:58US,0.203320573,24,3619,True,0.0002936460000000085
21946,21946,2023-10-12 05:11:35US0.17833934,2023-10-12 05:11:35US,0.17833934,282,282,True,0.17833934
21947,21947,2023-10-12 05:11:35US0.201507051,2023-10-12 05:11:35US,0.20150705100000002,576,858,False,0.20150705100000002
21948,21948,2023-10-12 05:11:35US0.201600332,2023-10-12 05:11:35US,0.201600332,884,1742,False,9.32810000000006e-05
21949,21949,2023-10-12 05:11:35US0.20237778,2023-10-12 05:11:35US,0.20237778,1460,3202,False,0.0007774480000000139
21950,21950,2023-10-12 05:11:35US0.203063926,2023-10-12 05:11:35US,0.203063926,1460,4662,False,0.0006861459999999986
21951,21951,2023-10-12 05:11:35US0.203332416,2023-10-12 05:11:35US,0.20333241600000002,173,4835,False,0.00026848999999998235
21952,21952,2023-10-12 05:11:35US0.215572209,2023-10-12 05:11:35US,0.215572209,158,4993,True,0.03723286899999997
21953,21953,2023-10-12 05:11:35US0.28017185,2023-10-12 05:11:35US,0.28017185,120,5113,False,0.07683943400000001
21954,21954,2023-10-12 05:11:35US0.28070633,2023-10-12 05:11:35US,0.28070633,31,5144,True,0.06513412100000003
21955,21955,2023-10-12 05:11:35US0.835679154,2023-10-12 05:11:35US,0.835679154,282,282,True,0.835679154
21956,21956,2023-10-12 05:11:35US0.871324923,2023-10-12 05:11:35US,0.871324923,576,858,False,0.871324923
21957,21957,2023-10-12 05:11:35US0.88056177,2023-10-12 05:11:35US,0.88056177,1349,2207,False,0.009236847000000048
21958,21958,2023-10-12 05:11:35US0.88093177,2023-10-12 05:11:35US,0.88093177,1315,3522,False,0.00036999999999998156
21959,21959,2023-10-12 05:11:35US0.912648385,2023-10-12 05:11:35US,0.912648385,64,3586,True,0.07696923099999997
21960,21960,2023-10-12 05:11:35US0.913244308,2023-10-12 05:11:35US,0.913244308,24,3610,True,0.0005959229999999982
21961,21961,2023-10-12 05:11:35US0.836906231,2023-10-12 05:11:35US,0.836906231,282,3892,True,-0.07633807700000006
21962,21962,2023-10-12 05:11:35US0.883115616,2023-10-12 05:11:35US,0.883115616,576,4468,False,0.002183845999999989
21963,21963,2023-10-12 05:11:35US0.895128539,2023-10-12 05:11:35US,0.8951285390000001,1349,5817,False,0.012012923000000009
21964,21964,2023-10-12 05:11:35US0.895388693,2023-10-12 05:11:35US,0.895388693,1330,7147,False,0.00026015400000001243
21965,21965,2023-10-12 05:11:35US0.922300154,2023-10-12 05:11:35US,0.9223001540000001,64,7211,True,0.08539392300000004
21966,21966,2023-10-12 05:11:35US0.922924385,2023-10-12 05:11:35US,0.922924385,24,7235,True,0.0006242309999999751
21967,21967,2023-10-12 05:11:35US15.374417232,2023-10-12 05:11:35US,15.374417232,283,283,True,15.374417232
21968,21968,2023-10-12 05:11:35US15.73876277,2023-10-12 05:11:35US,15.73876277,576,859,False,15.73876277
21969,21969,2023-10-12 05:11:35US15.743347078,2023-10-12 05:11:35US,15.743347078,844,1703,False,0.004584308000000092
21970,21970,2023-10-12 05:11:35US15.766341232,2023-10-12 05:11:35US,15.766341232,1420,3123,False,0.022994154000000933
21971,21971,2023-10-12 05:11:35US15.780642155,2023-10-12 05:11:35US,15.780642155,3271,6394,False,0.01430092300000041
21972,21972,2023-10-12 05:11:35US15.801123309,2023-10-12 05:11:35US,15.801123309000001,80,6474,True,0.4267060769999986
21973,21973,2023-10-12 05:11:35US15.801589232,2023-10-12 05:11:35US,15.801589232000001,24,6498,True,0.0004659230000001458
21974,21974,2023-10-12 05:11:35US15.388413232,2023-10-12 05:11:35US,15.388413232000001,283,6781,True,-0.41317600000000004
21975,21975,2023-10-12 05:11:35US15.737300309,2023-10-12 05:11:35US,15.737300309,576,7357,False,-0.043341846000000565
21976,21976,2023-10-12 05:11:35US15.743336232,2023-10-12 05:11:35US,15.743336232,3520,10877,False,0.006035923000000665
21977,21977,2023-10-12 05:11:35US15.752394078,2023-10-12 05:11:35US,15.752394078,1428,12305,False,0.009057845999999259
21978,21978,2023-10-12 05:11:35US15.799639001,2023-10-12 05:11:35US,15.799639001,587,12892,False,0.04724492299999916
21979,21979,2023-10-12 05:11:35US15.825428616,2023-10-12 05:11:35US,15.825428615999998,80,12972,True,0.4370153840000004
21980,21980,2023-10-12 05:11:35US15.825813155,2023-10-12 05:11:35US,15.825813155,24,12996,True,0.0003845390000005722
21981,21981,2023-10-12 05:11:35US15.379276309,2023-10-12 05:11:35US,15.379276309000002,283,13279,True,-0.4465368460000008
21982,21982,2023-10-12 05:11:35US15.830083924,2023-10-12 05:11:35US,15.830083924,576,13855,False,0.030444923000001005
21983,21983,2023-10-12 05:11:35US15.831221539,2023-10-12 05:11:35US,15.831221539000001,852,14707,False,0.0011376149999993144
21984,21984,2023-10-12 05:11:35US15.897755616,2023-10-12 05:11:35US,15.897755616,1428,16135,False,0.06653407700000002
21985,21985,2023-10-12 05:11:35US15.897793232,2023-10-12 05:11:35US,15.897793232,3255,19390,False,3.761600000018461e-05
21986,21986,2023-10-12 05:11:35US15.900879309,2023-10-12 05:11:35US,15.900879309,80,19470,True,0.5216030000000007
21987,21987,2023-10-12 05:11:35US15.901165155,2023-10-12 05:11:35US,15.901165155,24,19494,True,0.00028584599999881277
21988,21988,2023-10-12 05:11:35US15.898203693,2023-10-12 05:11:35US,15.898203693,283,19777,True,-0.0029614620000000262
21989,21989,2023-10-12 05:11:35US16.285240309,2023-10-12 05:11:35US,16.285240309000002,576,20353,False,0.3874470769999992
21990,21990,2023-10-12 05:11:35US16.286307386,2023-10-12 05:11:35US,16.286307386,4948,25301,False,0.0010670770000018592
21991,21991,2023-10-12 05:11:35US16.342838155,2023-10-12 05:11:35US,16.342838155,587,25888,False,0.05653076899999832
21992,21992,2023-10-12 05:11:35US16.347604847,2023-10-12 05:11:35US,16.347604847,80,25968,True,0.44940115400000025
21993,21993,2023-10-12 05:11:35US16.348219386,2023-10-12 05:11:35US,16.348219386,24,25992,True,0.0006145390000007468
22468,22468,2023-10-12 05:12:57US0.187875231,2023-10-12 05:12:57US,0.187875231,282,282,True,0.187875231
22469,22469,2023-10-12 05:12:57US0.206556846,2023-10-12 05:12:57US,0.20655684600000002,576,858,False,0.20655684600000002
22470,22470,2023-10-12 05:12:57US0.206772077,2023-10-12 05:12:57US,0.206772077,884,1742,False,0.00021523100000001016
22471,22471,2023-10-12 05:12:57US0.207407769,2023-10-12 05:12:57US,0.207407769,1460,3202,False,0.0006356919999999933
22472,22472,2023-10-12 05:12:57US0.209377846,2023-10-12 05:12:57US,0.209377846,1633,4835,False,0.0019700770000000145
22473,22473,2023-10-12 05:12:57US0.339905,2023-10-12 05:12:57US,0.339905,158,4993,True,0.152029769
22474,22474,2023-10-12 05:12:57US0.360036692,2023-10-12 05:12:57US,0.36003669200000005,120,5113,False,0.150658846
22475,22475,2023-10-12 05:12:57US0.360598769,2023-10-12 05:12:57US,0.360598769,31,5144,True,0.020693768999999973
22476,22476,2023-10-12 05:12:57US0.189079385,2023-10-12 05:12:57US,0.189079385,282,5426,True,-0.171519384
22477,22477,2023-10-12 05:12:57US0.218338154,2023-10-12 05:12:57US,0.21833815399999998,576,6002,False,-0.141698538
22478,22478,2023-10-12 05:12:57US0.218502615,2023-10-12 05:12:57US,0.218502615,3977,9979,False,0.00016446100000000463
22479,22479,2023-10-12 05:12:57US0.344285308,2023-10-12 05:12:57US,0.34428530799999996,158,10137,True,0.15520592300000002
22480,22480,2023-10-12 05:12:57US0.361971692,2023-10-12 05:12:57US,0.361971692,120,10257,False,0.143469077
22481,22481,2023-10-12 05:12:57US0.362549769,2023-10-12 05:12:57US,0.36254976899999997,31,10288,True,0.01826446100000001
22809,22809,2023-10-12 02:09:59US2.258697,2023-10-12 02:09:59US,2.258697,278,278,True,2.258697
22810,22810,2023-10-12 02:09:59US2.291714,2023-10-12 02:09:59US,2.291714,517,795,False,2.291714
22811,22811,2023-10-12 02:09:59US2.291765,2023-10-12 02:09:59US,2.2917650000000003,3938,4733,False,5.100000000002325e-05
22812,22812,2023-10-12 02:09:59US2.306249,2023-10-12 02:09:59US,2.306249,158,4891,True,0.04755200000000004
22813,22813,2023-10-12 02:09:59US2.334638,2023-10-12 02:09:59US,2.334638,120,5011,False,0.04287300000000016
22814,22814,2023-10-12 02:09:59US2.334779,2023-10-12 02:09:59US,2.334779,31,5042,True,0.028529999999999944
31709,31709,2023-10-12 04:20:39US0.209097,2023-10-12 04:20:39US,0.20909699999999998,282,282,True,0.20909699999999998
31710,31710,2023-10-12 04:20:39US0.241485181,2023-10-12 04:20:39US,0.24148518100000002,576,858,False,0.24148518100000002
31711,31711,2023-10-12 04:20:39US0.241672628,2023-10-12 04:20:39US,0.241672628,3804,4662,False,0.00018744700000000725
31712,31712,2023-10-12 04:20:39US0.24182742,2023-10-12 04:20:39US,0.24182742,173,4835,False,0.00015479199999998694
31713,31713,2023-10-12 04:20:39US0.270646642,2023-10-12 04:20:39US,0.270646642,158,4993,True,0.06154964199999999
31714,31714,2023-10-12 04:20:39US0.298953884,2023-10-12 04:20:39US,0.298953884,120,5113,False,0.057126464000000016
31715,31715,2023-10-12 04:20:39US0.29970029,2023-10-12 04:20:39US,0.29970029,31,5144,True,0.029053647999999987
32124,32124,2023-10-12 05:37:06US0.6947626,2023-10-12 05:37:06US,0.6947626,282,282,True,0.6947626
32125,32125,2023-10-12 05:37:06US0.7260178,2023-10-12 05:37:06US,0.7260178,517,799,False,0.7260178
32126,32126,2023-10-12 05:37:06US0.7260178,2023-10-12 05:37:06US,0.7260178,923,1722,False,0.0
32127,32127,2023-10-12 05:37:06US0.7263728,2023-10-12 05:37:06US,0.7263728,3113,4835,False,0.0003549999999999942
32128,32128,2023-10-12 05:37:06US0.7305259,2023-10-12 05:37:06US,0.7305259,158,4993,True,0.035763299999999935
32129,32129,2023-10-12 05:37:06US0.7581931,2023-10-12 05:37:06US,0.7581931,51,5044,False,0.03182029999999991
32130,32130,2023-10-12 05:37:06US0.7586909,2023-10-12 05:37:06US,0.7586909000000001,31,5075,True,0.028165
32131,32131,2023-10-12 05:37:06US0.6937628,2023-10-12 05:37:06US,0.6937628,282,5357,True,-0.06492809999999992
32132,32132,2023-10-12 05:37:06US0.7305259,2023-10-12 05:37:06US,0.7305259,517,5874,False,-0.027667200000000003
32133,32133,2023-10-12 05:37:06US0.7305259,2023-10-12 05:37:06US,0.7305259,4036,9910,False,0.0
32134,32134,2023-10-12 05:37:06US0.7330265,2023-10-12 05:37:06US,0.7330265,158,10068,True,0.03926370000000001
32135,32135,2023-10-12 05:37:06US0.7622173,2023-10-12 05:37:06US,0.7622173000000001,51,10119,False,0.031691400000000036
32136,32136,2023-10-12 05:37:06US0.7622173,2023-10-12 05:37:06US,0.7622173000000001,31,10150,True,0.02919079999999996
34998,34998,2023-10-12 01:30:56US0.7909958,2023-10-12 01:30:56US,0.7909958,282,282,True,0.7909958
34999,34999,2023-10-12 01:30:56US0.807185,2023-10-12 01:30:56US,0.807185,576,858,False,0.807185
35000,35000,2023-10-12 01:30:56US0.807185,2023-10-12 01:30:56US,0.807185,3977,4835,False,0.0
35001,35001,2023-10-12 01:30:56US0.8302905,2023-10-12 01:30:56US,0.8302905,158,4993,True,0.039294700000000016
35002,35002,2023-10-12 01:30:56US0.856039,2023-10-12 01:30:56US,0.856039,51,5044,False,0.04885399999999995
35003,35003,2023-10-12 01:30:56US0.856039,2023-10-12 01:30:56US,0.856039,31,5075,True,0.025748499999999952
35004,35004,2023-10-12 01:30:56US0.8070153,2023-10-12 01:30:56US,0.8070153,282,5357,True,-0.049023699999999996
35005,35005,2023-10-12 01:30:56US0.8441621,2023-10-12 01:30:56US,0.8441620999999999,576,5933,False,-0.011876899999999968
35006,35006,2023-10-12 01:30:56US0.8441621,2023-10-12 01:30:56US,0.8441620999999999,3977,9910,False,0.0
35007,35007,2023-10-12 01:30:56US0.8552083,2023-10-12 01:30:56US,0.8552083,158,10068,True,0.048193000000000034
35008,35008,2023-10-12 01:30:56US0.8761583,2023-10-12 01:30:56US,0.8761583000000001,51,10119,False,0.03199619999999992
35009,35009,2023-10-12 01:30:56US0.8834838,2023-10-12 01:30:56US,0.8834837999999999,31,10150,True,0.028275500000000012
37790,37790,2023-10-12 03:58:43US0.595336719,2023-10-12 03:58:43US,0.595336719,282,282,True,0.595336719
37791,37791,2023-10-12 03:58:43US0.603296719,2023-10-12 03:58:43US,0.603296719,576,858,False,0.603296719
37792,37792,2023-10-12 03:58:43US0.603414792,2023-10-12 03:58:43US,0.603414792,864,1722,False,0.00011807299999999632
37793,37793,2023-10-12 03:58:43US0.604860833,2023-10-12 03:58:43US,0.6048608329999999,3113,4835,False,0.001446041000000009
37794,37794,2023-10-12 03:58:43US0.621352917,2023-10-12 03:58:43US,0.6213529170000001,158,4993,True,0.02601619799999999
37795,37795,2023-10-12 03:58:43US0.63246151,2023-10-12 03:58:43US,0.63246151,120,5113,False,0.02760067699999991
37796,37796,2023-10-12 03:58:43US0.632992031,2023-10-12 03:58:43US,0.632992031,31,5144,True,0.01163911400000006
37797,37797,2023-10-12 03:58:43US0.596487344,2023-10-12 03:58:43US,0.596487344,282,5426,True,-0.03650468699999998
37798,37798,2023-10-12 03:58:43US0.614191667,2023-10-12 03:58:43US,0.614191667,576,6002,False,-0.018269842999999897
37799,37799,2023-10-12 03:58:43US0.61431125,2023-10-12 03:58:43US,0.61431125,2344,8346,False,0.00011958299999992317
37800,37800,2023-10-12 03:58:43US0.614424062,2023-10-12 03:58:43US,0.614424062,1460,9806,False,0.00011281200000001768
37801,37801,2023-10-12 03:58:43US0.614575729,2023-10-12 03:58:43US,0.614575729,173,9979,False,0.00015166700000002198
37802,37802,2023-10-12 03:58:43US0.63033526,2023-10-12 03:58:43US,0.63033526,158,10137,True,0.033847915999999915
37803,37803,2023-10-12 03:58:43US0.643732656,2023-10-12 03:58:43US,0.6437326560000001,120,10257,False,0.029156926999999944
37804,37804,2023-10-12 03:58:43US0.644074323,2023-10-12 03:58:43US,0.644074323,31,10288,True,0.013739063000000051
39153,39153,2023-10-12 05:47:50US0.328128418,2023-10-12 05:47:50US,0.32812841800000003,282,282,True,0.32812841800000003
39154,39154,2023-10-12 05:47:50US0.355096395,2023-10-12 05:47:50US,0.355096395,576,858,False,0.355096395
39155,39155,2023-10-12 05:47:50US0.355296142,2023-10-12 05:47:50US,0.35529614200000004,3977,4835,False,0.00019974699999997242
39156,39156,2023-10-12 05:47:50US0.367546549,2023-10-12 05:47:50US,0.367546549,158,4993,True,0.039418131000000016
39157,39157,2023-10-12 05:47:50US0.394785075,2023-10-12 05:47:50US,0.394785075,120,5113,False,0.039488933
39158,39158,2023-10-12 05:47:50US0.395286662,2023-10-12 05:47:50US,0.395286662,31,5144,True,0.02774011300000001
39324,39324,2023-10-12 05:48:41US0.847384924,2023-10-12 05:48:41US,0.8473849240000001,282,282,True,0.8473849240000001
39325,39325,2023-10-12 05:48:41US0.870257924,2023-10-12 05:48:41US,0.870257924,576,858,False,0.870257924
39326,39326,2023-10-12 05:48:41US0.870556616,2023-10-12 05:48:41US,0.8705566159999999,3977,4835,False,0.0002986919999999893
39327,39327,2023-10-12 05:48:41US0.897831308,2023-10-12 05:48:41US,0.897831308,158,4993,True,0.05044638400000001
39328,39328,2023-10-12 05:48:41US0.919886462,2023-10-12 05:48:41US,0.919886462,120,5113,False,0.04932984600000001
39329,39329,2023-10-12 05:48:41US0.921150385,2023-10-12 05:48:41US,0.921150385,31,5144,True,0.023319077000000018
39330,39330,2023-10-12 05:48:41US0.853734,2023-10-12 05:48:41US,0.853734,282,5426,True,-0.06741638500000002
39331,39331,2023-10-12 05:48:41US0.88076177,2023-10-12 05:48:41US,0.88076177,576,6002,False,-0.039124692000000016
39332,39332,2023-10-12 05:48:41US0.88095377,2023-10-12 05:48:41US,0.88095377,3977,9979,False,0.00019199999999997
39333,39333,2023-10-12 05:48:41US0.901577539,2023-10-12 05:48:41US,0.901577539,158,10137,True,0.04784353900000005
39334,39334,2023-10-12 05:48:41US0.925848231,2023-10-12 05:48:41US,0.9258482309999999,120,10257,False,0.04489446100000005
39335,39335,2023-10-12 05:48:41US0.926685308,2023-10-12 05:48:41US,0.9266853079999999,31,10288,True,0.025107769
42715,42715,2023-10-12 03:20:16US0.403061248,2023-10-12 03:20:16US,0.403061248,286,286,True,0.403061248
42716,42716,2023-10-12 03:20:16US0.425544046,2023-10-12 03:20:16US,0.425544046,517,803,False,0.425544046
42717,42717,2023-10-12 03:20:16US0.42557091,2023-10-12 03:20:16US,0.42557091,2363,3166,False,2.686400000001532e-05
42718,42718,2023-10-12 03:20:16US0.425877978,2023-10-12 03:20:16US,0.425877978,1440,4606,False,0.00030706799999996587
42719,42719,2023-10-12 03:20:16US0.425988048,2023-10-12 03:20:16US,0.42598804799999995,233,4839,False,0.00011007000000001765
42720,42720,2023-10-12 03:20:16US0.495771043,2023-10-12 03:20:16US,0.49577104299999997,158,4997,True,0.09270979500000004
42721,42721,2023-10-12 03:20:16US0.514423309,2023-10-12 03:20:16US,0.514423309,120,5117,False,0.08843526099999999
42722,42722,2023-10-12 03:20:16US0.514599721,2023-10-12 03:20:16US,0.5145997210000001,31,5148,True,0.01882867799999993
42723,42723,2023-10-12 03:20:16US0.414050529,2023-10-12 03:20:16US,0.414050529,286,5434,True,-0.10054919199999997
42724,42724,2023-10-12 03:20:16US0.440996999,2023-10-12 03:20:16US,0.440996999,517,5951,False,-0.07342631
42725,42725,2023-10-12 03:20:16US0.441067547,2023-10-12 03:20:16US,0.441067547,4036,9987,False,7.054800000000361e-05
42726,42726,2023-10-12 03:20:16US0.503330338,2023-10-12 03:20:16US,0.5033303379999999,158,10145,True,0.08927980900000004
42727,42727,2023-10-12 03:20:16US0.522731304,2023-10-12 03:20:16US,0.522731304,120,10265,False,0.081663757
42728,42728,2023-10-12 03:20:16US0.522879128,2023-10-12 03:20:16US,0.5228791279999999,31,10296,True,0.019548789999999986
46657,46657,2023-10-12 03:55:09US0.501800779,2023-10-12 03:55:09US,0.501800779,282,282,True,0.501800779
46658,46658,2023-10-12 03:55:09US0.511744061,2023-10-12 03:55:09US,0.511744061,576,858,False,0.511744061
46659,46659,2023-10-12 03:55:09US0.511941822,2023-10-12 03:55:09US,0.511941822,3977,4835,False,0.0001977610000000185
46660,46660,2023-10-12 03:55:09US0.5466412,2023-10-12 03:55:09US,0.5466411999999999,158,4993,True,0.04484042100000008
46661,46661,2023-10-12 03:55:09US0.554291774,2023-10-12 03:55:09US,0.554291774,120,5113,False,0.04234995199999991
46662,46662,2023-10-12 03:55:09US0.554860315,2023-10-12 03:55:09US,0.554860315,31,5144,True,0.008219114999999944
46663,46663,2023-10-12 03:55:09US0.501744373,2023-10-12 03:55:09US,0.501744373,282,5426,True,-0.053115942000000034
46664,46664,2023-10-12 03:55:09US0.511690051,2023-10-12 03:55:09US,0.511690051,576,6002,False,-0.04260172299999998
46665,46665,2023-10-12 03:55:09US0.511894113,2023-10-12 03:55:09US,0.511894113,3977,9979,False,0.00020406200000000482
46666,46666,2023-10-12 03:55:09US0.552193128,2023-10-12 03:55:09US,0.552193128,158,10137,True,0.05044875500000001
46667,46667,2023-10-12 03:55:09US0.563191983,2023-10-12 03:55:09US,0.563191983,120,10257,False,0.05129786999999997
46668,46668,2023-10-12 03:55:09US0.563690421,2023-10-12 03:55:09US,0.563690421,31,10288,True,0.01149729300000002
47532,47532,2023-10-12 03:57:19US0.178006562,2023-10-12 03:57:19US,0.17800656199999998,282,282,True,0.17800656199999998
47533,47533,2023-10-12 03:57:19US0.196689843,2023-10-12 03:57:19US,0.196689843,576,858,False,0.196689843
47534,47534,2023-10-12 03:57:19US0.196838437,2023-10-12 03:57:19US,0.196838437,3977,4835,False,0.0001485940000000019
47535,47535,2023-10-12 03:57:19US0.212259791,2023-10-12 03:57:19US,0.212259791,158,4993,True,0.034253229
47536,47536,2023-10-12 03:57:19US0.231124635,2023-10-12 03:57:19US,0.231124635,120,5113,False,0.03428619799999999
47537,47537,2023-10-12 03:57:19US0.23162375,2023-10-12 03:57:19US,0.23162375,31,5144,True,0.019363958999999983
47759,47759,2023-10-12 00:42:20US0.3798672,2023-10-12 00:42:20US,0.3798672,282,282,True,0.3798672
47760,47760,2023-10-12 00:42:20US0.4018987,2023-10-12 00:42:20US,0.4018987,517,799,False,0.4018987
47761,47761,2023-10-12 00:42:20US0.4018987,2023-10-12 00:42:20US,0.4018987,4036,4835,False,0.0
47762,47762,2023-10-12 00:42:20US0.4043973,2023-10-12 00:42:20US,0.4043973,158,4993,True,0.0245301
47763,47763,2023-10-12 00:42:20US0.4184146,2023-10-12 00:42:20US,0.41841459999999997,51,5044,False,0.016515900000000028
47764,47764,2023-10-12 00:42:20US0.4186621,2023-10-12 00:42:20US,0.41866210000000004,31,5075,True,0.014264799999999966
47765,47765,2023-10-12 00:42:20US0.3798672,2023-10-12 00:42:20US,0.3798672,282,5357,True,-0.038794899999999966
47766,47766,2023-10-12 00:42:20US0.3993971,2023-10-12 00:42:20US,0.39939709999999995,517,5874,False,-0.019017500000000017
47767,47767,2023-10-12 00:42:20US0.3993971,2023-10-12 00:42:20US,0.39939709999999995,2363,8237,False,0.0
47768,47768,2023-10-12 00:42:20US0.3994974,2023-10-12 00:42:20US,0.3994974,1673,9910,False,0.0001002999999999976
47769,47769,2023-10-12 00:42:20US0.4018987,2023-10-12 00:42:20US,0.4018987,158,10068,True,0.02203149999999998
47770,47770,2023-10-12 00:42:20US0.4184146,2023-10-12 00:42:20US,0.41841459999999997,51,10119,False,0.018917200000000026
47771,47771,2023-10-12 00:42:20US0.4186621,2023-10-12 00:42:20US,0.41866210000000004,31,10150,True,0.016763399999999984
55050,55050,2023-10-12 00:51:30US10.296250765,2023-10-12 00:51:30US,10.296250765,282,282,True,10.296250765
55051,55051,2023-10-12 00:51:30US10.333697175,2023-10-12 00:51:30US,10.333697175,576,858,False,10.333697175
55052,55052,2023-10-12 00:51:30US10.333807487,2023-10-12 00:51:30US,10.333807487,3977,4835,False,0.00011031200000033435
55053,55053,2023-10-12 00:51:30US10.362991553,2023-10-12 00:51:30US,10.362991552999999,158,4993,True,0.0667407880000006
55054,55054,2023-10-12 00:51:30US10.383856242,2023-10-12 00:51:30US,10.383856242,120,5113,False,0.05004875500000061
55055,55055,2023-10-12 00:51:30US10.384311607,2023-10-12 00:51:30US,10.384311607,31,5144,True,0.021320054000000255
55056,55056,2023-10-12 00:51:30US10.296172223,2023-10-12 00:51:30US,10.296172223,282,5426,True,-0.08813938400000154
55057,55057,2023-10-12 00:51:30US10.328286654,2023-10-12 00:51:30US,10.328286654,576,6002,False,-0.055569588000000884
55058,55058,2023-10-12 00:51:30US10.328448581,2023-10-12 00:51:30US,10.328448581,864,6866,False,0.00016192700000061674
55059,55059,2023-10-12 00:51:30US10.334012435,2023-10-12 00:51:30US,10.334012435,3113,9979,False,0.005563854000000036
55060,55060,2023-10-12 00:51:30US10.363028324,2023-10-12 00:51:30US,10.363028324,158,10137,True,0.06685610100000082
55061,55061,2023-10-12 00:51:30US10.383954992,2023-10-12 00:51:30US,10.383954992,120,10257,False,0.04994255699999961
55062,55062,2023-10-12 00:51:30US10.384349524,2023-10-12 00:51:30US,10.384349524,31,10288,True,0.021321199999999152
55166,55166,2023-10-12 00:51:30US0.448149791,2023-10-12 00:51:30US,0.448149791,292,292,True,0.448149791
55167,55167,2023-10-12 00:51:30US0.513605468,2023-10-12 00:51:30US,0.513605468,576,868,False,0.513605468
55168,55168,2023-10-12 00:51:30US0.514979947,2023-10-12 00:51:30US,0.514979947,4990,5858,False,0.0013744790000000948
55169,55169,2023-10-12 00:51:30US0.539246406,2023-10-12 00:51:30US,0.5392464060000001,64,5922,True,0.09109661499999994
55170,55170,2023-10-12 00:51:30US0.539578125,2023-10-12 00:51:30US,0.539578125,24,5946,True,0.0003317190000000636
55171,55171,2023-10-12 00:51:30US0.578158229,2023-10-12 00:51:30US,0.578158229,292,6238,True,0.038580104
55172,55172,2023-10-12 00:51:30US0.620712135,2023-10-12 00:51:30US,0.620712135,576,6814,False,0.10573218799999996
55173,55173,2023-10-12 00:51:30US0.622103854,2023-10-12 00:51:30US,0.622103854,4816,11630,False,0.0013917190000000135
55174,55174,2023-10-12 00:51:30US0.624758177,2023-10-12 00:51:30US,0.624758177,174,11804,False,0.002654323000000014
55175,55175,2023-10-12 00:51:30US0.652387395,2023-10-12 00:51:30US,0.652387395,64,11868,True,0.07422916599999996
55176,55176,2023-10-12 00:51:30US0.652690468,2023-10-12 00:51:30US,0.652690468,24,11892,True,0.00030307299999998705
55177,55177,2023-10-12 00:51:30US0.4489025,2023-10-12 00:51:30US,0.4489025,292,12184,True,-0.203787968
55178,55178,2023-10-12 00:51:30US0.620714583,2023-10-12 00:51:30US,0.6207145829999999,576,12760,False,-0.004043593999999985
55179,55179,2023-10-12 00:51:30US0.622139427,2023-10-12 00:51:30US,0.622139427,872,13632,False,0.0014248439999999807
55180,55180,2023-10-12 00:51:30US0.655381666,2023-10-12 00:51:30US,0.655381666,4118,17750,False,0.033242239000000014
55181,55181,2023-10-12 00:51:30US0.674170937,2023-10-12 00:51:30US,0.6741709370000001,64,17814,True,0.225268437
55182,55182,2023-10-12 00:51:30US0.674514791,2023-10-12 00:51:30US,0.6745147909999999,24,17838,True,0.0003438540000000323
55183,55183,2023-10-12 00:51:30US0.448480468,2023-10-12 00:51:30US,0.44848046799999997,292,18130,True,-0.226034323
55184,55184,2023-10-12 00:51:30US0.778469687,2023-10-12 00:51:30US,0.7784696870000001,576,18706,False,0.12308802099999995
55185,55185,2023-10-12 00:51:30US0.780010104,2023-10-12 00:51:30US,0.780010104,772,19478,False,0.0015404170000000714
55186,55186,2023-10-12 00:51:30US0.806625677,2023-10-12 00:51:30US,0.806625677,2696,22174,False,0.026615572999999948
55187,55187,2023-10-12 00:51:30US0.806948854,2023-10-12 00:51:30US,0.806948854,1522,23696,False,0.00032317700000006333
55188,55188,2023-10-12 00:51:30US0.833076406,2023-10-12 00:51:30US,0.833076406,64,23760,True,0.384595938
55189,55189,2023-10-12 00:51:30US0.83335302,2023-10-12 00:51:30US,0.83335302,24,23784,True,0.00027661400000000835
56476,56476,2023-10-12 03:22:30US1.019338385,2023-10-12 03:22:30US,1.019338385,282,282,True,1.019338385
56477,56477,2023-10-12 03:22:30US1.038860692,2023-10-12 03:22:30US,1.038860692,517,799,False,1.038860692
56478,56478,2023-10-12 03:22:30US1.039091769,2023-10-12 03:22:30US,1.039091769,3839,4638,False,0.000231077000000024
56479,56479,2023-10-12 03:22:30US1.039144308,2023-10-12 03:22:30US,1.039144308,197,4835,False,5.253899999990708e-05
56480,56480,2023-10-12 03:22:30US1.056045846,2023-10-12 03:22:30US,1.056045846,158,4993,True,0.036707461000000004
56481,56481,2023-10-12 03:22:30US1.077639539,2023-10-12 03:22:30US,1.077639539,51,5044,False,0.03849523099999996
56482,56482,2023-10-12 03:22:30US1.078349,2023-10-12 03:22:30US,1.078349,31,5075,True,0.022303154000000047
58240,58240,2023-10-12 00:57:31US0.567426359,2023-10-12 00:57:31US,0.5674263589999999,282,282,True,0.5674263589999999
58241,58241,2023-10-12 00:57:31US0.573098078,2023-10-12 00:57:31US,0.573098078,576,858,False,0.573098078
58242,58242,2023-10-12 00:57:31US0.573177661,2023-10-12 00:57:31US,0.573177661,3977,4835,False,7.958299999999419e-05
58243,58243,2023-10-12 00:57:31US0.586180631,2023-10-12 00:57:31US,0.5861806310000001,158,4993,True,0.018754271999999902
58244,58244,2023-10-12 00:57:31US0.594159695,2023-10-12 00:57:31US,0.594159695,51,5044,False,0.020982033999999983
58245,58245,2023-10-12 00:57:31US0.594532142,2023-10-12 00:57:31US,0.594532142,31,5075,True,0.008351511000000091
58246,58246,2023-10-12 00:57:31US0.567363494,2023-10-12 00:57:31US,0.567363494,282,5357,True,-0.027168648000000076
58247,58247,2023-10-12 00:57:31US0.577613182,2023-10-12 00:57:31US,0.577613182,576,5933,False,-0.016546512999999985
58248,58248,2023-10-12 00:57:31US0.577668807,2023-10-12 00:57:31US,0.577668807,3977,9910,False,5.562500000000359e-05
58249,58249,2023-10-12 00:57:31US0.587217663,2023-10-12 00:57:31US,0.587217663,158,10068,True,0.019854169000000036
58250,58250,2023-10-12 00:57:31US0.594495476,2023-10-12 00:57:31US,0.594495476,120,10188,False,0.01682666899999996
58251,58251,2023-10-12 00:57:31US0.594699017,2023-10-12 00:57:31US,0.594699017,31,10219,True,0.007481354000000051
64096,64096,2023-10-12 04:52:24US0.84803,2023-10-12 04:52:24US,0.84803,282,282,True,0.84803
64097,64097,2023-10-12 04:52:24US0.858513,2023-10-12 04:52:24US,0.858513,576,858,False,0.858513
64098,64098,2023-10-12 04:52:24US0.858575,2023-10-12 04:52:24US,0.858575,3977,4835,False,6.20000000000065e-05
64099,64099,2023-10-12 04:52:24US0.866555,2023-10-12 04:52:24US,0.866555,158,4993,True,0.018525000000000014
64100,64100,2023-10-12 04:52:24US0.882881,2023-10-12 04:52:24US,0.8828809999999999,51,5044,False,0.02430600000000005
64101,64101,2023-10-12 04:52:24US0.883023,2023-10-12 04:52:24US,0.883023,31,5075,True,0.016468000000000038
64102,64102,2023-10-12 04:52:24US0.848029,2023-10-12 04:52:24US,0.848029,282,5357,True,-0.03499399999999997
64103,64103,2023-10-12 04:52:24US0.866669,2023-10-12 04:52:24US,0.866669,576,5933,False,-0.016212000000000004
64104,64104,2023-10-12 04:52:24US0.867553,2023-10-12 04:52:24US,0.867553,3977,9910,False,0.0008839999999999959
64105,64105,2023-10-12 04:52:24US0.873346,2023-10-12 04:52:24US,0.873346,158,10068,True,0.025316999999999926
64106,64106,2023-10-12 04:52:24US0.883347,2023-10-12 04:52:24US,0.8833469999999999,51,10119,False,0.015793999999999975
64107,64107,2023-10-12 04:52:24US0.883418,2023-10-12 04:52:24US,0.883418,31,10150,True,0.01007200000000008
71018,71018,2023-10-12 00:40:00US1.45595302,2023-10-12 00:40:00US,1.45595302,286,286,True,1.45595302
71019,71019,2023-10-12 00:40:00US1.489606457,2023-10-12 00:40:00US,1.4896064569999998,517,803,False,1.4896064569999998
71020,71020,2023-10-12 00:40:00US1.489889322,2023-10-12 00:40:00US,1.4898893219999998,4036,4839,False,0.0002828649999999655
71021,71021,2023-10-12 00:40:00US1.561012968,2023-10-12 00:40:00US,1.5610129680000002,158,4997,True,0.10505994800000007
71022,71022,2023-10-12 00:40:00US1.579067551,2023-10-12 00:40:00US,1.5790675509999998,51,5048,False,0.08917822900000005
71023,71023,2023-10-12 00:40:00US1.5798023429999999,2023-10-12 00:40:00US,1.579802343,31,5079,True,0.018789374999999886
71024,71024,2023-10-12 00:40:00US1.4561028120000001,2023-10-12 00:40:00US,1.456102812,286,5365,True,-0.12369953099999975
71025,71025,2023-10-12 00:40:00US1.479233489,2023-10-12 00:40:00US,1.479233489,517,5882,False,-0.09983406199999999
71026,71026,2023-10-12 00:40:00US1.4796010929999999,2023-10-12 00:40:00US,1.479601093,4036,9918,False,0.0003676039999997993
71027,71027,2023-10-12 00:40:00US1.5691197909999999,2023-10-12 00:40:00US,1.569119791,158,10076,True,0.11301697899999975
71028,71028,2023-10-12 00:40:00US1.5872958320000001,2023-10-12 00:40:00US,1.587295832,120,10196,False,0.10769473900000026
71029,71029,2023-10-12 00:40:00US1.5878801550000001,2023-10-12 00:40:00US,1.587880155,31,10227,True,0.01876036400000025
71609,71609,2023-10-12 02:59:20US0.7543715,2023-10-12 02:59:20US,0.7543715,282,282,True,0.7543715
71610,71610,2023-10-12 02:59:20US0.9828969,2023-10-12 02:59:20US,0.9828969000000001,576,858,False,0.9828969000000001
71611,71611,2023-10-12 02:59:20US0.9828969,2023-10-12 02:59:20US,0.9828969000000001,3977,4835,False,0.0
71612,71612,2023-10-12 02:59:20US0.9845974,2023-10-12 02:59:20US,0.9845974000000001,158,4993,True,0.2302259
71613,71613,2023-10-12 02:59:20US1.2059082,2023-10-12 02:59:20US,1.2059082,51,5044,False,0.22301130000000013
71614,71614,2023-10-12 02:59:20US1.2069158,2023-10-12 02:59:20US,1.2069158000000002,31,5075,True,0.22231840000000005
72347,72347,2023-10-12 05:21:42US0.414216041,2023-10-12 05:21:42US,0.41421604100000003,282,282,True,0.41421604100000003
72348,72348,2023-10-12 05:21:42US0.449697199,2023-10-12 05:21:42US,0.449697199,576,858,False,0.449697199
72349,72349,2023-10-12 05:21:42US0.449811968,2023-10-12 05:21:42US,0.44981196799999995,2328,3186,False,0.00011476900000001455
72350,72350,2023-10-12 05:21:42US0.452734737,2023-10-12 05:21:42US,0.45273473700000005,1649,4835,False,0.002922768999999992
72351,72351,2023-10-12 05:21:42US0.5409339,2023-10-12 05:21:42US,0.5409339,158,4993,True,0.12671785900000002
72352,72352,2023-10-12 05:21:42US0.575728904,2023-10-12 05:21:42US,0.575728904,120,5113,False,0.122994167
72353,72353,2023-10-12 05:21:42US0.576596981,2023-10-12 05:21:42US,0.576596981,31,5144,True,0.03566308100000004
74265,74265,2023-10-12 01:02:55US0.168693645,2023-10-12 01:02:55US,0.168693645,282,282,True,0.168693645
74266,74266,2023-10-12 01:02:55US0.211546062,2023-10-12 01:02:55US,0.21154606199999998,576,858,False,0.21154606199999998
74267,74267,2023-10-12 01:02:55US0.211645793,2023-10-12 01:02:55US,0.211645793,3977,4835,False,9.97309999999918e-05
74268,74268,2023-10-12 01:02:55US0.230704631,2023-10-12 01:02:55US,0.23070463100000002,158,4993,True,0.06201098599999999
74269,74269,2023-10-12 01:02:55US0.245758871,2023-10-12 01:02:55US,0.24575887100000002,120,5113,False,0.034113077999999984
74270,74270,2023-10-12 01:02:55US0.24604419,2023-10-12 01:02:55US,0.24604419,31,5144,True,0.015339559000000003
74271,74271,2023-10-12 01:02:55US0.168681397,2023-10-12 01:02:55US,0.16868139699999998,282,5426,True,-0.07736279299999999
74272,74272,2023-10-12 01:02:55US0.21164856,2023-10-12 01:02:55US,0.21164856,576,6002,False,-0.034110310999999977
74273,74273,2023-10-12 01:02:55US0.211678305,2023-10-12 01:02:55US,0.211678305,2344,8346,False,2.9744999999997693e-05
74274,74274,2023-10-12 01:02:55US0.214103231,2023-10-12 01:02:55US,0.214103231,1633,9979,False,0.0024249259999999944
74275,74275,2023-10-12 01:02:55US0.239975302,2023-10-12 01:02:55US,0.239975302,158,10137,True,0.07129390499999999
74276,74276,2023-10-12 01:02:55US0.253116496,2023-10-12 01:02:55US,0.253116496,120,10257,False,0.03901326500000002
74277,74277,2023-10-12 01:02:55US0.253545044,2023-10-12 01:02:55US,0.253545044,31,10288,True,0.013569741999999996
75137,75137,2023-10-12 01:06:28US0.218459895,2023-10-12 01:06:28US,0.218459895,282,282,True,0.218459895
75138,75138,2023-10-12 01:06:28US0.233037031,2023-10-12 01:06:28US,0.233037031,576,858,False,0.233037031
75139,75139,2023-10-12 01:06:28US0.233099687,2023-10-12 01:06:28US,0.233099687,3977,4835,False,6.265599999999427e-05
75140,75140,2023-10-12 01:06:28US0.24511927,2023-10-12 01:06:28US,0.24511927,158,4993,True,0.026659375000000013
75141,75141,2023-10-12 01:06:28US0.257223854,2023-10-12 01:06:28US,0.257223854,120,5113,False,0.02412416699999997
75142,75142,2023-10-12 01:06:28US0.257743958,2023-10-12 01:06:28US,0.257743958,31,5144,True,0.012624687999999995
75291,75291,2023-10-12 01:06:27US0.251293437,2023-10-12 01:06:27US,0.251293437,279,279,True,0.251293437
75292,75292,2023-10-12 01:06:27US0.277391927,2023-10-12 01:06:27US,0.277391927,576,855,False,0.277391927
75293,75293,2023-10-12 01:06:27US0.278488593,2023-10-12 01:06:27US,0.278488593,872,1727,False,0.0010966660000000241
75294,75294,2023-10-12 01:06:27US0.282491145,2023-10-12 01:06:27US,0.282491145,1465,3192,False,0.0040025519999999926
75295,75295,2023-10-12 01:06:27US0.288558802,2023-10-12 01:06:27US,0.288558802,64,3256,True,0.037265365
75296,75296,2023-10-12 01:06:27US0.28885125,2023-10-12 01:06:27US,0.28885125,24,3280,True,0.0002924480000000007
75297,75297,2023-10-12 01:06:27US0.246708854,2023-10-12 01:06:27US,0.24670885399999998,279,3559,True,-0.042142396
75298,75298,2023-10-12 01:06:27US0.29002776,2023-10-12 01:06:27US,0.29002776,576,4135,False,0.007536615000000023
75299,75299,2023-10-12 01:06:27US0.291119895,2023-10-12 01:06:27US,0.291119895,2337,6472,False,0.0010921349999999939
75300,75300,2023-10-12 01:06:27US0.294744739,2023-10-12 01:06:27US,0.294744739,64,6536,True,0.048035884999999966
75301,75301,2023-10-12 01:06:27US0.294964427,2023-10-12 01:06:27US,0.294964427,24,6560,True,0.0002196879999999957
75302,75302,2023-10-12 01:06:27US0.248784583,2023-10-12 01:06:27US,0.248784583,279,6839,True,-0.04617984399999997
75303,75303,2023-10-12 01:06:27US0.290346145,2023-10-12 01:06:27US,0.290346145,576,7415,False,-0.0007737500000000175
75304,75304,2023-10-12 01:06:27US0.291306458,2023-10-12 01:06:27US,0.291306458,2338,9753,False,0.0009603129999999904
75305,75305,2023-10-12 01:06:27US0.294756979,2023-10-12 01:06:27US,0.294756979,64,9817,True,0.04597239599999997
75306,75306,2023-10-12 01:06:27US0.294938854,2023-10-12 01:06:27US,0.294938854,24,9841,True,0.000181874999999998
75307,75307,2023-10-12 01:06:27US0.325147239,2023-10-12 01:06:27US,0.325147239,279,10120,True,0.030208385000000008
75308,75308,2023-10-12 01:06:27US0.360139791,2023-10-12 01:06:27US,0.36013979100000004,576,10696,False,0.068833333
75309,75309,2023-10-12 01:06:27US0.361679687,2023-10-12 01:06:27US,0.361679687,2338,13034,False,0.0015398960000000403
75310,75310,2023-10-12 01:06:27US0.373311822,2023-10-12 01:06:27US,0.373311822,64,13098,True,0.04816458300000004
75311,75311,2023-10-12 01:06:27US0.386443125,2023-10-12 01:06:27US,0.386443125,24,13122,True,0.013131302999999985
75312,75312,2023-10-12 01:06:27US0.32985052,2023-10-12 01:06:27US,0.32985052,279,13401,True,-0.056592605000000025
75313,75313,2023-10-12 01:06:27US0.373841875,2023-10-12 01:06:27US,0.373841875,576,13977,False,0.012162187999999964
75314,75314,2023-10-12 01:06:27US0.382321406,2023-10-12 01:06:27US,0.38232140600000003,2336,16313,False,0.008479530999999985
75315,75315,2023-10-12 01:06:27US0.392678802,2023-10-12 01:06:27US,0.39267880200000005,64,16377,True,0.06282828200000001
75316,75316,2023-10-12 01:06:27US0.393036041,2023-10-12 01:06:27US,0.393036041,24,16401,True,0.0003572390000000092
75317,75317,2023-10-12 01:06:27US0.329579166,2023-10-12 01:06:27US,0.32957916600000003,279,16680,True,-0.06345687500000002
75318,75318,2023-10-12 01:06:27US0.36885875,2023-10-12 01:06:27US,0.36885875,576,17256,False,-0.013462655999999962
75319,75319,2023-10-12 01:06:27US0.374151562,2023-10-12 01:06:27US,0.37415156200000005,2337,19593,False,0.00529281199999998
75320,75320,2023-10-12 01:06:27US0.393770416,2023-10-12 01:06:27US,0.393770416,64,19657,True,0.06419125000000002
75321,75321,2023-10-12 01:06:27US0.394080468,2023-10-12 01:06:27US,0.39408046799999996,24,19681,True,0.0003100520000000051
76006,76006,2023-10-12 02:10:01US0.8954139,2023-10-12 02:10:01US,0.8954139000000001,282,282,True,0.8954139000000001
76007,76007,2023-10-12 02:10:01US0.9121337,2023-10-12 02:10:01US,0.9121336999999999,576,858,False,0.9121336999999999
76008,76008,2023-10-12 02:10:01US0.9121337,2023-10-12 02:10:01US,0.9121336999999999,3977,4835,False,0.0
76009,76009,2023-10-12 02:10:01US0.9152365,2023-10-12 02:10:01US,0.9152365,158,4993,True,0.019822600000000024
76010,76010,2023-10-12 02:10:01US0.9157933,2023-10-12 02:10:01US,0.9157933000000001,120,5113,False,0.003659599999999985
76011,76011,2023-10-12 02:10:01US0.9305978,2023-10-12 02:10:01US,0.9305978000000001,31,5144,True,0.015361300000000022
76012,76012,2023-10-12 02:10:01US0.915288,2023-10-12 02:10:01US,0.9152879999999999,282,5426,True,-0.01530980000000004
76013,76013,2023-10-12 02:10:01US0.948043,2023-10-12 02:10:01US,0.9480430000000001,576,6002,False,0.03224969999999994
76014,76014,2023-10-12 02:10:01US0.948043,2023-10-12 02:10:01US,0.9480430000000001,884,6886,False,0.0
76015,76015,2023-10-12 02:10:01US0.9491115,2023-10-12 02:10:01US,0.9491115,3093,9979,False,0.0010685000000000278
76016,76016,2023-10-12 02:10:01US0.9518212,2023-10-12 02:10:01US,0.9518211999999999,158,10137,True,0.036533200000000036
76017,76017,2023-10-12 02:10:01US0.9824694,2023-10-12 02:10:01US,0.9824693999999999,120,10257,False,0.03335790000000005
76018,76018,2023-10-12 02:10:01US0.9824694,2023-10-12 02:10:01US,0.9824693999999999,31,10288,True,0.03064820000000001
80794,80794,2023-10-12 00:25:06US2.12471552,2023-10-12 00:25:06US,2.12471552,282,282,True,2.12471552
80795,80795,2023-10-12 00:25:06US2.149791457,2023-10-12 00:25:06US,2.149791457,576,858,False,2.149791457
80796,80796,2023-10-12 00:25:06US2.14991854,2023-10-12 00:25:06US,2.14991854,3977,4835,False,0.00012708299999975026
80797,80797,2023-10-12 00:25:06US2.169537759,2023-10-12 00:25:06US,2.1695377590000002,158,4993,True,0.044822238999999715
80798,80798,2023-10-12 00:25:06US2.219957551,2023-10-12 00:25:06US,2.219957551,120,5113,False,0.07003901099999997
80799,80799,2023-10-12 00:25:06US2.221062603,2023-10-12 00:25:06US,2.221062603,31,5144,True,0.051524844000000236
80800,80800,2023-10-12 00:25:06US2.12465203,2023-10-12 00:25:06US,2.12465203,282,5426,True,-0.09641057300000001
80801,80801,2023-10-12 00:25:06US2.151546249,2023-10-12 00:25:06US,2.151546249,576,6002,False,-0.0684113019999999
80802,80802,2023-10-12 00:25:06US2.151648697,2023-10-12 00:25:06US,2.1516486969999997,3977,9979,False,0.00010244800000025478
80803,80803,2023-10-12 00:25:06US2.169625415,2023-10-12 00:25:06US,2.169625415,158,10137,True,0.04497338500000003
80804,80804,2023-10-12 00:25:06US2.221983072,2023-10-12 00:25:06US,2.221983072,120,10257,False,0.07033437499999984
80805,80805,2023-10-12 00:25:06US2.222688228,2023-10-12 00:25:06US,2.222688228,31,10288,True,0.05306281299999993
